[{"model": "admin.logentry", "pk": 1, "fields": {"action_time": "2025-03-10T06:18:42.598Z", "user": 1, "content_type": 6, "object_id": "1", "object_repr": "Shirt Category", "action_flag": 1, "change_message": "[{\"added\": {}}]"}}, {"model": "admin.logentry", "pk": 2, "fields": {"action_time": "2025-03-10T06:21:05.285Z", "user": 1, "content_type": 6, "object_id": "2", "object_repr": "T shirts Category", "action_flag": 1, "change_message": "[{\"added\": {}}]"}}, {"model": "admin.logentry", "pk": 3, "fields": {"action_time": "2025-03-10T06:23:15.133Z", "user": 1, "content_type": 6, "object_id": "3", "object_repr": "Jacket Category", "action_flag": 1, "change_message": "[{\"added\": {}}]"}}, {"model": "admin.logentry", "pk": 4, "fields": {"action_time": "2025-03-10T06:32:20.649Z", "user": 1, "content_type": 6, "object_id": "4", "object_repr": "Jeans", "action_flag": 1, "change_message": "[{\"added\": {}}]"}}, {"model": "admin.logentry", "pk": 5, "fields": {"action_time": "2025-03-10T06:33:10.910Z", "user": 1, "content_type": 6, "object_id": "5", "object_repr": "Shoes Category", "action_flag": 1, "change_message": "[{\"added\": {}}]"}}, {"model": "admin.logentry", "pk": 6, "fields": {"action_time": "2025-03-10T06:34:50.079Z", "user": 1, "content_type": 8, "object_id": "1", "object_repr": "ATX Jeans", "action_flag": 1, "change_message": "[{\"added\": {}}]"}}, {"model": "admin.logentry", "pk": 7, "fields": {"action_time": "2025-03-10T06:36:26.244Z", "user": 1, "content_type": 8, "object_id": "2", "object_repr": "Blue-shirts", "action_flag": 1, "change_message": "[{\"added\": {}}]"}}, {"model": "admin.logentry", "pk": 8, "fields": {"action_time": "2025-03-10T06:37:37.400Z", "user": 1, "content_type": 8, "object_id": "3", "object_repr": "Great-Tshirt", "action_flag": 1, "change_message": "[{\"added\": {}}]"}}, {"model": "admin.logentry", "pk": 9, "fields": {"action_time": "2025-03-10T06:39:48.562Z", "user": 1, "content_type": 8, "object_id": "4", "object_repr": "Jordan-true-flight-basketball-shoe", "action_flag": 1, "change_message": "[{\"added\": {}}]"}}, {"model": "admin.logentry", "pk": 10, "fields": {"action_time": "2025-03-10T06:41:21.718Z", "user": 1, "content_type": 8, "object_id": "5", "object_repr": "US Polo Ass jacket", "action_flag": 1, "change_message": "[{\"added\": {}}]"}}, {"model": "admin.logentry", "pk": 11, "fields": {"action_time": "2025-03-10T06:43:44.719Z", "user": 1, "content_type": 6, "object_id": "3", "object_repr": "Jacket Category", "action_flag": 3, "change_message": ""}}, {"model": "admin.logentry", "pk": 12, "fields": {"action_time": "2025-03-12T09:18:18.158Z", "user": 1, "content_type": 8, "object_id": "2", "object_repr": "Blue-shirts", "action_flag": 2, "change_message": "[{\"changed\": {\"fields\": [\"Price\", \"Stock\"]}}]"}}, {"model": "admin.logentry", "pk": 13, "fields": {"action_time": "2025-03-14T06:44:37.621Z", "user": 1, "content_type": 8, "object_id": "2", "object_repr": "Blue-shirts", "action_flag": 2, "change_message": "[{\"changed\": {\"fields\": [\"Description\"]}}]"}}, {"model": "admin.logentry", "pk": 14, "fields": {"action_time": "2025-03-14T06:45:16.353Z", "user": 1, "content_type": 8, "object_id": "3", "object_repr": "Great-Tshirt", "action_flag": 2, "change_message": "[{\"changed\": {\"fields\": [\"Description\"]}}]"}}, {"model": "admin.logentry", "pk": 15, "fields": {"action_time": "2025-03-14T06:46:22.928Z", "user": 1, "content_type": 8, "object_id": "2", "object_repr": "Blue-shirts", "action_flag": 2, "change_message": "[]"}}, {"model": "admin.logentry", "pk": 16, "fields": {"action_time": "2025-03-14T11:59:02.512Z", "user": 1, "content_type": 11, "object_id": "1", "object_repr": "Variation object (1)", "action_flag": 1, "change_message": "[{\"added\": {}}]"}}, {"model": "admin.logentry", "pk": 17, "fields": {"action_time": "2025-03-14T12:01:05.278Z", "user": 1, "content_type": 11, "object_id": "2", "object_repr": "Variation object (2)", "action_flag": 1, "change_message": "[{\"added\": {}}]"}}, {"model": "admin.logentry", "pk": 18, "fields": {"action_time": "2025-03-14T12:01:23.673Z", "user": 1, "content_type": 11, "object_id": "3", "object_repr": "Variation object (3)", "action_flag": 1, "change_message": "[{\"added\": {}}]"}}, {"model": "admin.logentry", "pk": 19, "fields": {"action_time": "2025-03-14T12:23:18.230Z", "user": 1, "content_type": 11, "object_id": "3", "object_repr": "Variation object (3)", "action_flag": 2, "change_message": "[{\"changed\": {\"fields\": [\"Variation value\"]}}]"}}, {"model": "admin.logentry", "pk": 20, "fields": {"action_time": "2025-03-14T12:47:59.226Z", "user": 1, "content_type": 11, "object_id": "4", "object_repr": "Variation object (4)", "action_flag": 1, "change_message": "[{\"added\": {}}]"}}, {"model": "admin.logentry", "pk": 21, "fields": {"action_time": "2025-03-14T12:52:17.352Z", "user": 1, "content_type": 11, "object_id": "4", "object_repr": "Variation object (4)", "action_flag": 2, "change_message": "[]"}}, {"model": "admin.logentry", "pk": 22, "fields": {"action_time": "2025-03-14T12:52:37.030Z", "user": 1, "content_type": 11, "object_id": "5", "object_repr": "Variation object (5)", "action_flag": 1, "change_message": "[{\"added\": {}}]"}}, {"model": "admin.logentry", "pk": 23, "fields": {"action_time": "2025-03-14T12:52:50.724Z", "user": 1, "content_type": 11, "object_id": "6", "object_repr": "Variation object (6)", "action_flag": 1, "change_message": "[{\"added\": {}}]"}}, {"model": "admin.logentry", "pk": 24, "fields": {"action_time": "2025-03-14T12:58:09.400Z", "user": 1, "content_type": 11, "object_id": "7", "object_repr": "Variation object (7)", "action_flag": 1, "change_message": "[{\"added\": {}}]"}}, {"model": "admin.logentry", "pk": 25, "fields": {"action_time": "2025-03-14T13:14:10.774Z", "user": 1, "content_type": 11, "object_id": "8", "object_repr": "Variation object (8)", "action_flag": 1, "change_message": "[{\"added\": {}}]"}}, {"model": "admin.logentry", "pk": 26, "fields": {"action_time": "2025-03-14T13:14:54.927Z", "user": 1, "content_type": 11, "object_id": "9", "object_repr": "Variation object (9)", "action_flag": 1, "change_message": "[{\"added\": {}}]"}}, {"model": "admin.logentry", "pk": 27, "fields": {"action_time": "2025-03-14T13:15:37.134Z", "user": 1, "content_type": 11, "object_id": "9", "object_repr": "Variation object (9)", "action_flag": 2, "change_message": "[{\"changed\": {\"fields\": [\"Variation category\", \"Variation value\"]}}]"}}, {"model": "admin.logentry", "pk": 28, "fields": {"action_time": "2025-03-14T13:16:22.650Z", "user": 1, "content_type": 11, "object_id": "10", "object_repr": "Variation object (10)", "action_flag": 1, "change_message": "[{\"added\": {}}]"}}, {"model": "admin.logentry", "pk": 29, "fields": {"action_time": "2025-03-15T06:21:49.023Z", "user": 1, "content_type": 9, "object_id": "49", "object_repr": "CartItem object (49)", "action_flag": 3, "change_message": ""}}, {"model": "admin.logentry", "pk": 30, "fields": {"action_time": "2025-03-15T06:21:54.556Z", "user": 1, "content_type": 9, "object_id": "48", "object_repr": "CartItem object (48)", "action_flag": 3, "change_message": ""}}, {"model": "admin.logentry", "pk": 31, "fields": {"action_time": "2025-03-15T06:22:00.267Z", "user": 1, "content_type": 9, "object_id": "47", "object_repr": "CartItem object (47)", "action_flag": 3, "change_message": ""}}, {"model": "admin.logentry", "pk": 32, "fields": {"action_time": "2025-03-15T06:22:06.292Z", "user": 1, "content_type": 9, "object_id": "46", "object_repr": "CartItem object (46)", "action_flag": 3, "change_message": ""}}, {"model": "admin.logentry", "pk": 33, "fields": {"action_time": "2025-03-15T06:22:11.396Z", "user": 1, "content_type": 9, "object_id": "45", "object_repr": "CartItem object (45)", "action_flag": 3, "change_message": ""}}, {"model": "admin.logentry", "pk": 34, "fields": {"action_time": "2025-03-15T06:22:17.051Z", "user": 1, "content_type": 9, "object_id": "44", "object_repr": "CartItem object (44)", "action_flag": 3, "change_message": ""}}, {"model": "admin.logentry", "pk": 35, "fields": {"action_time": "2025-03-15T06:22:22.273Z", "user": 1, "content_type": 9, "object_id": "43", "object_repr": "CartItem object (43)", "action_flag": 3, "change_message": ""}}, {"model": "admin.logentry", "pk": 36, "fields": {"action_time": "2025-03-15T06:22:27.457Z", "user": 1, "content_type": 9, "object_id": "42", "object_repr": "CartItem object (42)", "action_flag": 3, "change_message": ""}}, {"model": "admin.logentry", "pk": 37, "fields": {"action_time": "2025-03-15T06:22:32.761Z", "user": 1, "content_type": 9, "object_id": "41", "object_repr": "CartItem object (41)", "action_flag": 3, "change_message": ""}}, {"model": "admin.logentry", "pk": 38, "fields": {"action_time": "2025-03-15T06:22:37.534Z", "user": 1, "content_type": 9, "object_id": "40", "object_repr": "CartItem object (40)", "action_flag": 3, "change_message": ""}}, {"model": "admin.logentry", "pk": 39, "fields": {"action_time": "2025-03-15T06:22:42.198Z", "user": 1, "content_type": 9, "object_id": "39", "object_repr": "CartItem object (39)", "action_flag": 3, "change_message": ""}}, {"model": "admin.logentry", "pk": 40, "fields": {"action_time": "2025-03-15T06:22:46.803Z", "user": 1, "content_type": 9, "object_id": "38", "object_repr": "CartItem object (38)", "action_flag": 3, "change_message": ""}}, {"model": "admin.logentry", "pk": 41, "fields": {"action_time": "2025-03-15T06:22:51.840Z", "user": 1, "content_type": 9, "object_id": "37", "object_repr": "CartItem object (37)", "action_flag": 3, "change_message": ""}}, {"model": "admin.logentry", "pk": 42, "fields": {"action_time": "2025-03-15T06:22:56.963Z", "user": 1, "content_type": 9, "object_id": "36", "object_repr": "CartItem object (36)", "action_flag": 3, "change_message": ""}}, {"model": "admin.logentry", "pk": 43, "fields": {"action_time": "2025-03-15T06:23:01.712Z", "user": 1, "content_type": 9, "object_id": "33", "object_repr": "CartItem object (33)", "action_flag": 3, "change_message": ""}}, {"model": "admin.logentry", "pk": 44, "fields": {"action_time": "2025-03-15T06:23:08.554Z", "user": 1, "content_type": 10, "object_id": "2", "object_repr": "7sj07kz6aux9c1uxu1ngs7vn3bdeqzw2", "action_flag": 3, "change_message": ""}}, {"model": "admin.logentry", "pk": 45, "fields": {"action_time": "2025-03-15T06:23:34.403Z", "user": 1, "content_type": 11, "object_id": "10", "object_repr": "Blue", "action_flag": 3, "change_message": ""}}, {"model": "admin.logentry", "pk": 46, "fields": {"action_time": "2025-03-15T06:23:41.123Z", "user": 1, "content_type": 11, "object_id": "9", "object_repr": "Large", "action_flag": 3, "change_message": ""}}, {"model": "admin.logentry", "pk": 47, "fields": {"action_time": "2025-03-15T06:23:47.537Z", "user": 1, "content_type": 11, "object_id": "8", "object_repr": "Green", "action_flag": 3, "change_message": ""}}, {"model": "admin.logentry", "pk": 48, "fields": {"action_time": "2025-03-15T06:23:52.132Z", "user": 1, "content_type": 11, "object_id": "7", "object_repr": "extra large", "action_flag": 3, "change_message": ""}}, {"model": "admin.logentry", "pk": 49, "fields": {"action_time": "2025-03-15T06:23:57.329Z", "user": 1, "content_type": 11, "object_id": "6", "object_repr": "Large", "action_flag": 3, "change_message": ""}}, {"model": "admin.logentry", "pk": 50, "fields": {"action_time": "2025-03-15T06:24:03.016Z", "user": 1, "content_type": 11, "object_id": "5", "object_repr": "Medium", "action_flag": 3, "change_message": ""}}, {"model": "admin.logentry", "pk": 51, "fields": {"action_time": "2025-03-15T06:24:07.504Z", "user": 1, "content_type": 11, "object_id": "4", "object_repr": "Small", "action_flag": 3, "change_message": ""}}, {"model": "admin.logentry", "pk": 52, "fields": {"action_time": "2025-03-15T06:24:12.124Z", "user": 1, "content_type": 11, "object_id": "3", "object_repr": "White", "action_flag": 3, "change_message": ""}}, {"model": "admin.logentry", "pk": 53, "fields": {"action_time": "2025-03-15T06:24:16.958Z", "user": 1, "content_type": 11, "object_id": "2", "object_repr": "Yellow", "action_flag": 3, "change_message": ""}}, {"model": "admin.logentry", "pk": 54, "fields": {"action_time": "2025-03-15T06:24:22.070Z", "user": 1, "content_type": 11, "object_id": "1", "object_repr": "Red", "action_flag": 3, "change_message": ""}}, {"model": "admin.logentry", "pk": 55, "fields": {"action_time": "2025-03-15T06:24:37.731Z", "user": 1, "content_type": 10, "object_id": "1", "object_repr": "vyanzc1oa5ehtr2kkvzotjvekng6dyt7", "action_flag": 3, "change_message": ""}}, {"model": "admin.logentry", "pk": 56, "fields": {"action_time": "2025-03-15T06:25:33.883Z", "user": 1, "content_type": 11, "object_id": "11", "object_repr": "Red", "action_flag": 1, "change_message": "[{\"added\": {}}]"}}, {"model": "admin.logentry", "pk": 57, "fields": {"action_time": "2025-03-15T06:25:51.162Z", "user": 1, "content_type": 11, "object_id": "12", "object_repr": "Yellow", "action_flag": 1, "change_message": "[{\"added\": {}}]"}}, {"model": "admin.logentry", "pk": 58, "fields": {"action_time": "2025-03-15T06:26:05.651Z", "user": 1, "content_type": 11, "object_id": "13", "object_repr": "Green", "action_flag": 1, "change_message": "[{\"added\": {}}]"}}, {"model": "admin.logentry", "pk": 59, "fields": {"action_time": "2025-03-15T06:26:24.974Z", "user": 1, "content_type": 11, "object_id": "14", "object_repr": "White", "action_flag": 1, "change_message": "[{\"added\": {}}]"}}, {"model": "admin.logentry", "pk": 60, "fields": {"action_time": "2025-03-15T06:26:41.749Z", "user": 1, "content_type": 11, "object_id": "15", "object_repr": "Small", "action_flag": 1, "change_message": "[{\"added\": {}}]"}}, {"model": "admin.logentry", "pk": 61, "fields": {"action_time": "2025-03-15T06:28:10.978Z", "user": 1, "content_type": 11, "object_id": "16", "object_repr": "Medium", "action_flag": 1, "change_message": "[{\"added\": {}}]"}}, {"model": "admin.logentry", "pk": 62, "fields": {"action_time": "2025-03-15T06:28:29.759Z", "user": 1, "content_type": 11, "object_id": "17", "object_repr": "Large", "action_flag": 1, "change_message": "[{\"added\": {}}]"}}, {"model": "admin.logentry", "pk": 63, "fields": {"action_time": "2025-03-15T06:28:56.185Z", "user": 1, "content_type": 11, "object_id": "18", "object_repr": "B", "action_flag": 1, "change_message": "[{\"added\": {}}]"}}, {"model": "admin.logentry", "pk": 64, "fields": {"action_time": "2025-03-15T06:29:04.340Z", "user": 1, "content_type": 11, "object_id": "18", "object_repr": "Blue", "action_flag": 2, "change_message": "[{\"changed\": {\"fields\": [\"Variation value\"]}}]"}}, {"model": "admin.logentry", "pk": 65, "fields": {"action_time": "2025-03-15T06:29:29.325Z", "user": 1, "content_type": 11, "object_id": "19", "object_repr": "Black", "action_flag": 1, "change_message": "[{\"added\": {}}]"}}, {"model": "admin.logentry", "pk": 66, "fields": {"action_time": "2025-03-15T06:29:48.315Z", "user": 1, "content_type": 11, "object_id": "20", "object_repr": "Small", "action_flag": 1, "change_message": "[{\"added\": {}}]"}}, {"model": "admin.logentry", "pk": 67, "fields": {"action_time": "2025-03-15T06:29:57.504Z", "user": 1, "content_type": 11, "object_id": "20", "object_repr": "Small", "action_flag": 2, "change_message": "[{\"changed\": {\"fields\": [\"Product\"]}}]"}}, {"model": "admin.logentry", "pk": 68, "fields": {"action_time": "2025-03-15T06:30:13.593Z", "user": 1, "content_type": 11, "object_id": "21", "object_repr": "M", "action_flag": 1, "change_message": "[{\"added\": {}}]"}}, {"model": "admin.logentry", "pk": 69, "fields": {"action_time": "2025-03-15T06:30:21.926Z", "user": 1, "content_type": 11, "object_id": "21", "object_repr": "Medium", "action_flag": 2, "change_message": "[{\"changed\": {\"fields\": [\"Variation value\"]}}]"}}, {"model": "admin.logentry", "pk": 70, "fields": {"action_time": "2025-03-15T06:30:37.976Z", "user": 1, "content_type": 11, "object_id": "21", "object_repr": "Medium", "action_flag": 2, "change_message": "[{\"changed\": {\"fields\": [\"Product\"]}}]"}}, {"model": "admin.logentry", "pk": 71, "fields": {"action_time": "2025-03-15T06:31:51.173Z", "user": 1, "content_type": 11, "object_id": "22", "object_repr": "Black and White", "action_flag": 1, "change_message": "[{\"added\": {}}]"}}, {"model": "admin.logentry", "pk": 72, "fields": {"action_time": "2025-03-15T06:31:59.229Z", "user": 1, "content_type": 11, "object_id": "22", "object_repr": "Black and White", "action_flag": 2, "change_message": "[]"}}, {"model": "admin.logentry", "pk": 73, "fields": {"action_time": "2025-03-15T06:32:41.987Z", "user": 1, "content_type": 11, "object_id": "23", "object_repr": "Medium", "action_flag": 1, "change_message": "[{\"added\": {}}]"}}, {"model": "admin.logentry", "pk": 74, "fields": {"action_time": "2025-03-15T06:32:57.217Z", "user": 1, "content_type": 11, "object_id": "24", "object_repr": "Large", "action_flag": 1, "change_message": "[{\"added\": {}}]"}}, {"model": "admin.logentry", "pk": 75, "fields": {"action_time": "2025-03-15T06:36:50.483Z", "user": 1, "content_type": 9, "object_id": "50", "object_repr": "CartItem object (50)", "action_flag": 3, "change_message": ""}}, {"model": "admin.logentry", "pk": 76, "fields": {"action_time": "2025-03-15T06:43:20.002Z", "user": 1, "content_type": 10, "object_id": "3", "object_repr": "7sj07kz6aux9c1uxu1ngs7vn3bdeqzw2", "action_flag": 3, "change_message": ""}}, {"model": "admin.logentry", "pk": 77, "fields": {"action_time": "2025-03-15T06:47:16.962Z", "user": 1, "content_type": 9, "object_id": "52", "object_repr": "CartItem object (52)", "action_flag": 3, "change_message": ""}}, {"model": "admin.logentry", "pk": 78, "fields": {"action_time": "2025-03-15T06:47:25.026Z", "user": 1, "content_type": 10, "object_id": "4", "object_repr": "7sj07kz6aux9c1uxu1ngs7vn3bdeqzw2", "action_flag": 3, "change_message": ""}}, {"model": "admin.logentry", "pk": 79, "fields": {"action_time": "2025-03-15T06:50:49.807Z", "user": 1, "content_type": 9, "object_id": "53", "object_repr": "CartItem object (53)", "action_flag": 3, "change_message": ""}}, {"model": "admin.logentry", "pk": 80, "fields": {"action_time": "2025-03-15T06:50:55.901Z", "user": 1, "content_type": 10, "object_id": "5", "object_repr": "7sj07kz6aux9c1uxu1ngs7vn3bdeqzw2", "action_flag": 3, "change_message": ""}}, {"model": "admin.logentry", "pk": 81, "fields": {"action_time": "2025-03-17T07:46:00.909Z", "user": 1, "content_type": 7, "object_id": "3", "object_repr": "sivakumarjeevavantham2@gmail.com", "action_flag": 3, "change_message": ""}}, {"model": "admin.logentry", "pk": 82, "fields": {"action_time": "2025-03-17T07:46:16.844Z", "user": 1, "content_type": 7, "object_id": "2", "object_repr": "sivakumarjeevavantham1@gmail.com", "action_flag": 3, "change_message": ""}}, {"model": "admin.logentry", "pk": 83, "fields": {"action_time": "2025-03-17T07:47:52.232Z", "user": 1, "content_type": 7, "object_id": "5", "object_repr": "sivakumarjeevavantham7@gmail.com", "action_flag": 3, "change_message": ""}}, {"model": "admin.logentry", "pk": 84, "fields": {"action_time": "2025-03-17T07:47:52.232Z", "user": 1, "content_type": 7, "object_id": "4", "object_repr": "sivakumarjeevavantham1@gmail.com", "action_flag": 3, "change_message": ""}}, {"model": "admin.logentry", "pk": 85, "fields": {"action_time": "2025-03-17T08:05:42.506Z", "user": 1, "content_type": 7, "object_id": "6", "object_repr": "sivakumarjeevavantham1@gmail.com", "action_flag": 3, "change_message": ""}}, {"model": "admin.logentry", "pk": 86, "fields": {"action_time": "2025-03-17T08:19:31.293Z", "user": 1, "content_type": 7, "object_id": "10", "object_repr": "sivakumarjeevavantham4@gmail.com", "action_flag": 3, "change_message": ""}}, {"model": "admin.logentry", "pk": 87, "fields": {"action_time": "2025-03-17T08:19:31.293Z", "user": 1, "content_type": 7, "object_id": "9", "object_repr": "sivakumarjeevavantham3@gmail.com", "action_flag": 3, "change_message": ""}}, {"model": "admin.logentry", "pk": 88, "fields": {"action_time": "2025-03-17T08:19:31.293Z", "user": 1, "content_type": 7, "object_id": "8", "object_repr": "sivakumarjeevavantham2@gmail.com", "action_flag": 3, "change_message": ""}}, {"model": "admin.logentry", "pk": 89, "fields": {"action_time": "2025-03-17T08:19:31.293Z", "user": 1, "content_type": 7, "object_id": "7", "object_repr": "sivakumarjeevavantham1@gmail.com", "action_flag": 3, "change_message": ""}}, {"model": "admin.logentry", "pk": 90, "fields": {"action_time": "2025-03-20T11:33:57.612Z", "user": 1, "content_type": 7, "object_id": "13", "object_repr": "sivakumarjeevavantham3@gmail.com", "action_flag": 3, "change_message": ""}}, {"model": "admin.logentry", "pk": 91, "fields": {"action_time": "2025-03-20T11:33:57.612Z", "user": 1, "content_type": 7, "object_id": "12", "object_repr": "sivakumarjeevavantham2@gmail.com", "action_flag": 3, "change_message": ""}}, {"model": "admin.logentry", "pk": 92, "fields": {"action_time": "2025-03-20T11:33:57.612Z", "user": 1, "content_type": 7, "object_id": "11", "object_repr": "sivakumarjeevavantham1@gmail.com", "action_flag": 3, "change_message": ""}}, {"model": "admin.logentry", "pk": 93, "fields": {"action_time": "2025-03-20T12:32:40.942Z", "user": 1, "content_type": 7, "object_id": "14", "object_repr": "sivakumarjeevavantham1@gmail.com", "action_flag": 3, "change_message": ""}}, {"model": "admin.logentry", "pk": 94, "fields": {"action_time": "2025-03-20T12:37:57.168Z", "user": 1, "content_type": 7, "object_id": "15", "object_repr": "sivakumarjeevavantham1@gmail.com", "action_flag": 3, "change_message": ""}}, {"model": "admin.logentry", "pk": 95, "fields": {"action_time": "2025-03-21T03:22:58.871Z", "user": 1, "content_type": 7, "object_id": "16", "object_repr": "sivakumarjeevavantham1@gmail.com", "action_flag": 3, "change_message": ""}}, {"model": "admin.logentry", "pk": 96, "fields": {"action_time": "2025-03-21T03:32:53.134Z", "user": 1, "content_type": 7, "object_id": "17", "object_repr": "sivakumarjeevavantham1@gmail.com", "action_flag": 3, "change_message": ""}}, {"model": "admin.logentry", "pk": 97, "fields": {"action_time": "2025-03-21T04:10:03.336Z", "user": 1, "content_type": 7, "object_id": "19", "object_repr": "sivakjeee.1205@gmail.com", "action_flag": 3, "change_message": ""}}, {"model": "admin.logentry", "pk": 98, "fields": {"action_time": "2025-03-21T04:10:03.336Z", "user": 1, "content_type": 7, "object_id": "18", "object_repr": "sivakumarjeevavantham1@gmail.com", "action_flag": 3, "change_message": ""}}, {"model": "admin.logentry", "pk": 99, "fields": {"action_time": "2025-03-21T17:15:48.423Z", "user": 1, "content_type": 9, "object_id": "65", "object_repr": "CartItem object (65)", "action_flag": 3, "change_message": ""}}, {"model": "admin.logentry", "pk": 100, "fields": {"action_time": "2025-03-21T17:15:48.423Z", "user": 1, "content_type": 9, "object_id": "64", "object_repr": "CartItem object (64)", "action_flag": 3, "change_message": ""}}, {"model": "admin.logentry", "pk": 101, "fields": {"action_time": "2025-03-21T17:15:48.423Z", "user": 1, "content_type": 9, "object_id": "63", "object_repr": "CartItem object (63)", "action_flag": 3, "change_message": ""}}, {"model": "admin.logentry", "pk": 102, "fields": {"action_time": "2025-03-21T17:15:48.423Z", "user": 1, "content_type": 9, "object_id": "62", "object_repr": "CartItem object (62)", "action_flag": 3, "change_message": ""}}, {"model": "admin.logentry", "pk": 103, "fields": {"action_time": "2025-03-21T17:16:23.934Z", "user": 1, "content_type": 10, "object_id": "8", "object_repr": "tvdvcvt8f1ynnkruidc7wsle6guh62dd", "action_flag": 3, "change_message": ""}}, {"model": "admin.logentry", "pk": 104, "fields": {"action_time": "2025-03-21T17:16:23.934Z", "user": 1, "content_type": 10, "object_id": "7", "object_repr": "yms9u7xiv6n450hzsyfkc5b24rm7kvs9", "action_flag": 3, "change_message": ""}}, {"model": "admin.logentry", "pk": 105, "fields": {"action_time": "2025-03-21T17:16:23.934Z", "user": 1, "content_type": 10, "object_id": "6", "object_repr": "7sj07kz6aux9c1uxu1ngs7vn3bdeqzw2", "action_flag": 3, "change_message": ""}}, {"model": "admin.logentry", "pk": 106, "fields": {"action_time": "2025-03-22T06:34:51.550Z", "user": 1, "content_type": 10, "object_id": "13", "object_repr": "55kfam5wbq8yizlgu51l0mcbykic8shm", "action_flag": 3, "change_message": ""}}, {"model": "admin.logentry", "pk": 107, "fields": {"action_time": "2025-03-22T06:34:51.550Z", "user": 1, "content_type": 10, "object_id": "12", "object_repr": "4v6xi646c1mbj67oui3y7ryyu0o1ukmo", "action_flag": 3, "change_message": ""}}, {"model": "admin.logentry", "pk": 108, "fields": {"action_time": "2025-03-22T06:34:51.550Z", "user": 1, "content_type": 10, "object_id": "11", "object_repr": "qkvqbuofgstgl3dg8ltrwbcqnsmqz2ek", "action_flag": 3, "change_message": ""}}, {"model": "admin.logentry", "pk": 109, "fields": {"action_time": "2025-03-22T06:34:51.550Z", "user": 1, "content_type": 10, "object_id": "10", "object_repr": "1tx8epvxqlxsuj3zwufladlgmfcp3eib", "action_flag": 3, "change_message": ""}}, {"model": "admin.logentry", "pk": 110, "fields": {"action_time": "2025-03-22T06:34:51.551Z", "user": 1, "content_type": 10, "object_id": "9", "object_repr": "2wqgmnt6o8e1gahm1itdkycosifthdpf", "action_flag": 3, "change_message": ""}}, {"model": "admin.logentry", "pk": 111, "fields": {"action_time": "2025-03-22T07:19:29.621Z", "user": 1, "content_type": 10, "object_id": "14", "object_repr": "9aga2tz2yr2srzkha7kbyzcr3ep34peg", "action_flag": 3, "change_message": ""}}, {"model": "admin.logentry", "pk": 112, "fields": {"action_time": "2025-03-22T07:19:47.785Z", "user": 1, "content_type": 9, "object_id": "3", "object_repr": "CartItem object (3)", "action_flag": 3, "change_message": ""}}, {"model": "admin.logentry", "pk": 113, "fields": {"action_time": "2025-03-22T07:19:47.785Z", "user": 1, "content_type": 9, "object_id": "2", "object_repr": "CartItem object (2)", "action_flag": 3, "change_message": ""}}, {"model": "admin.logentry", "pk": 114, "fields": {"action_time": "2025-03-22T07:19:47.785Z", "user": 1, "content_type": 9, "object_id": "1", "object_repr": "CartItem object (1)", "action_flag": 3, "change_message": ""}}, {"model": "admin.logentry", "pk": 115, "fields": {"action_time": "2025-03-23T11:22:46.523Z", "user": 1, "content_type": 8, "object_id": "1", "object_repr": "ATX Jeans", "action_flag": 2, "change_message": "[{\"changed\": {\"fields\": [\"Price\"]}}]"}}, {"model": "admin.logentry", "pk": 116, "fields": {"action_time": "2025-03-23T11:23:04.532Z", "user": 1, "content_type": 8, "object_id": "2", "object_repr": "Blue-shirts", "action_flag": 2, "change_message": "[{\"changed\": {\"fields\": [\"Price\", \"Stock\"]}}]"}}, {"model": "admin.logentry", "pk": 117, "fields": {"action_time": "2025-03-23T11:23:17.192Z", "user": 1, "content_type": 8, "object_id": "4", "object_repr": "Jordan-true-flight-basketball-shoe", "action_flag": 2, "change_message": "[{\"changed\": {\"fields\": [\"Price\"]}}]"}}, {"model": "admin.logentry", "pk": 118, "fields": {"action_time": "2025-03-23T11:23:32.573Z", "user": 1, "content_type": 8, "object_id": "3", "object_repr": "Great-Tshirt", "action_flag": 2, "change_message": "[{\"changed\": {\"fields\": [\"Price\"]}}]"}}, {"model": "admin.logentry", "pk": 119, "fields": {"action_time": "2025-03-23T11:49:21.633Z", "user": 1, "content_type": 13, "object_id": "17", "object_repr": "Sivakumar", "action_flag": 3, "change_message": ""}}, {"model": "admin.logentry", "pk": 120, "fields": {"action_time": "2025-03-23T11:49:21.633Z", "user": 1, "content_type": 13, "object_id": "16", "object_repr": "Sivakumar", "action_flag": 3, "change_message": ""}}, {"model": "admin.logentry", "pk": 121, "fields": {"action_time": "2025-03-23T11:49:21.633Z", "user": 1, "content_type": 13, "object_id": "15", "object_repr": "Sivakumar", "action_flag": 3, "change_message": ""}}, {"model": "admin.logentry", "pk": 122, "fields": {"action_time": "2025-03-23T11:49:21.633Z", "user": 1, "content_type": 13, "object_id": "14", "object_repr": "Sivakumar", "action_flag": 3, "change_message": ""}}, {"model": "admin.logentry", "pk": 123, "fields": {"action_time": "2025-03-23T11:49:21.633Z", "user": 1, "content_type": 13, "object_id": "13", "object_repr": "Sivakumar", "action_flag": 3, "change_message": ""}}, {"model": "admin.logentry", "pk": 124, "fields": {"action_time": "2025-03-23T11:49:21.633Z", "user": 1, "content_type": 13, "object_id": "12", "object_repr": "Sivakumar", "action_flag": 3, "change_message": ""}}, {"model": "admin.logentry", "pk": 125, "fields": {"action_time": "2025-03-23T11:49:21.633Z", "user": 1, "content_type": 13, "object_id": "11", "object_repr": "Sivakumar", "action_flag": 3, "change_message": ""}}, {"model": "admin.logentry", "pk": 126, "fields": {"action_time": "2025-03-23T11:49:21.633Z", "user": 1, "content_type": 13, "object_id": "10", "object_repr": "Sivakumar", "action_flag": 3, "change_message": ""}}, {"model": "admin.logentry", "pk": 127, "fields": {"action_time": "2025-03-23T11:49:21.633Z", "user": 1, "content_type": 13, "object_id": "9", "object_repr": "Sivakumar", "action_flag": 3, "change_message": ""}}, {"model": "admin.logentry", "pk": 128, "fields": {"action_time": "2025-03-23T11:49:21.633Z", "user": 1, "content_type": 13, "object_id": "8", "object_repr": "Sivakumar", "action_flag": 3, "change_message": ""}}, {"model": "admin.logentry", "pk": 129, "fields": {"action_time": "2025-03-23T11:49:21.633Z", "user": 1, "content_type": 13, "object_id": "7", "object_repr": "Sivakumar", "action_flag": 3, "change_message": ""}}, {"model": "admin.logentry", "pk": 130, "fields": {"action_time": "2025-03-23T11:49:21.633Z", "user": 1, "content_type": 13, "object_id": "6", "object_repr": "Sivakumar", "action_flag": 3, "change_message": ""}}, {"model": "admin.logentry", "pk": 131, "fields": {"action_time": "2025-03-23T11:49:21.633Z", "user": 1, "content_type": 13, "object_id": "5", "object_repr": "Sivakumar", "action_flag": 3, "change_message": ""}}, {"model": "admin.logentry", "pk": 132, "fields": {"action_time": "2025-03-23T11:49:21.633Z", "user": 1, "content_type": 13, "object_id": "4", "object_repr": "Sivakumar", "action_flag": 3, "change_message": ""}}, {"model": "admin.logentry", "pk": 133, "fields": {"action_time": "2025-03-23T11:49:21.634Z", "user": 1, "content_type": 13, "object_id": "3", "object_repr": "Sivakumar", "action_flag": 3, "change_message": ""}}, {"model": "admin.logentry", "pk": 134, "fields": {"action_time": "2025-03-23T11:49:21.634Z", "user": 1, "content_type": 13, "object_id": "2", "object_repr": "Sivakumar", "action_flag": 3, "change_message": ""}}, {"model": "admin.logentry", "pk": 135, "fields": {"action_time": "2025-03-23T11:49:21.634Z", "user": 1, "content_type": 13, "object_id": "1", "object_repr": "Sivakumar", "action_flag": 3, "change_message": ""}}, {"model": "admin.logentry", "pk": 136, "fields": {"action_time": "2025-03-24T07:08:06.105Z", "user": 1, "content_type": 8, "object_id": "1", "object_repr": "ATX Jeans", "action_flag": 2, "change_message": "[{\"changed\": {\"fields\": [\"Price\"]}}]"}}, {"model": "admin.logentry", "pk": 137, "fields": {"action_time": "2025-03-24T07:08:16.943Z", "user": 1, "content_type": 8, "object_id": "2", "object_repr": "Blue-shirts", "action_flag": 2, "change_message": "[{\"changed\": {\"fields\": [\"Price\"]}}]"}}, {"model": "admin.logentry", "pk": 138, "fields": {"action_time": "2025-03-24T07:08:25.668Z", "user": 1, "content_type": 8, "object_id": "3", "object_repr": "Great-Tshirt", "action_flag": 2, "change_message": "[{\"changed\": {\"fields\": [\"Stock\"]}}]"}}, {"model": "admin.logentry", "pk": 139, "fields": {"action_time": "2025-03-24T07:08:34.387Z", "user": 1, "content_type": 8, "object_id": "3", "object_repr": "Great-Tshirt", "action_flag": 2, "change_message": "[{\"changed\": {\"fields\": [\"Price\"]}}]"}}, {"model": "admin.logentry", "pk": 140, "fields": {"action_time": "2025-03-24T07:08:43.534Z", "user": 1, "content_type": 8, "object_id": "4", "object_repr": "Jordan-true-flight-basketball-shoe", "action_flag": 2, "change_message": "[{\"changed\": {\"fields\": [\"Price\"]}}]"}}, {"model": "admin.logentry", "pk": 141, "fields": {"action_time": "2025-03-24T07:38:04.852Z", "user": 1, "content_type": 7, "object_id": "20", "object_repr": "sivakjeee.1205@gmail.com", "action_flag": 2, "change_message": "[{\"changed\": {\"fields\": [\"password\"]}}]"}}, {"model": "admin.logentry", "pk": 142, "fields": {"action_time": "2025-03-24T07:39:10.973Z", "user": 1, "content_type": 7, "object_id": "20", "object_repr": "sivakjeee.1205@gmail.com", "action_flag": 2, "change_message": "[{\"changed\": {\"fields\": [\"Is superadmin\"]}}]"}}, {"model": "admin.logentry", "pk": 143, "fields": {"action_time": "2025-03-24T07:43:06.105Z", "user": 1, "content_type": 7, "object_id": "20", "object_repr": "sivakjeee.1205@gmail.com", "action_flag": 2, "change_message": "[{\"changed\": {\"fields\": [\"Is staff\"]}}]"}}, {"model": "admin.logentry", "pk": 144, "fields": {"action_time": "2025-03-24T07:44:13.612Z", "user": 1, "content_type": 7, "object_id": "20", "object_repr": "sivakjeee.1205@gmail.com", "action_flag": 2, "change_message": "[{\"changed\": {\"fields\": [\"Is admin\"]}}]"}}, {"model": "admin.logentry", "pk": 145, "fields": {"action_time": "2025-03-24T07:51:24.111Z", "user": 20, "content_type": 15, "object_id": "2", "object_repr": "review title 4", "action_flag": 2, "change_message": "[{\"changed\": {\"fields\": [\"Rating\"]}}]"}}, {"model": "admin.logentry", "pk": 146, "fields": {"action_time": "2025-03-24T07:54:22.395Z", "user": 20, "content_type": 15, "object_id": "2", "object_repr": "review title 4", "action_flag": 2, "change_message": "[{\"changed\": {\"fields\": [\"Rating\"]}}]"}}, {"model": "admin.logentry", "pk": 147, "fields": {"action_time": "2025-03-24T11:10:12.698Z", "user": 1, "content_type": 16, "object_id": "1", "object_repr": "Sivakumar", "action_flag": 1, "change_message": "[{\"added\": {}}]"}}, {"model": "admin.logentry", "pk": 148, "fields": {"action_time": "2025-03-24T11:42:14.925Z", "user": 1, "content_type": 16, "object_id": "2", "object_repr": "Sivakumar", "action_flag": 1, "change_message": "[{\"added\": {}}]"}}, {"model": "admin.logentry", "pk": 149, "fields": {"action_time": "2025-03-25T11:34:42.725Z", "user": 1, "content_type": 16, "object_id": "3", "object_repr": "Sivakumar", "action_flag": 1, "change_message": "[{\"added\": {}}]"}}, {"model": "admin.logentry", "pk": 150, "fields": {"action_time": "2025-03-26T09:23:37.960Z", "user": 1, "content_type": 8, "object_id": "1", "object_repr": "ATX Jeans", "action_flag": 2, "change_message": "[{\"added\": {\"name\": \"productgallery\", \"object\": \"ATX Jeans\"}}]"}}, {"model": "admin.logentry", "pk": 151, "fields": {"action_time": "2025-03-26T09:23:59.894Z", "user": 1, "content_type": 8, "object_id": "1", "object_repr": "ATX Jeans", "action_flag": 2, "change_message": "[{\"added\": {\"name\": \"productgallery\", \"object\": \"ATX Jeans\"}}]"}}, {"model": "admin.logentry", "pk": 152, "fields": {"action_time": "2025-03-26T09:38:53.062Z", "user": 1, "content_type": 8, "object_id": "2", "object_repr": "Blue-shirts", "action_flag": 2, "change_message": "[{\"added\": {\"name\": \"productgallery\", \"object\": \"Blue-shirts\"}}]"}}, {"model": "admin.logentry", "pk": 153, "fields": {"action_time": "2025-03-26T10:52:50.546Z", "user": 1, "content_type": 11, "object_id": "25", "object_repr": "Light Blue", "action_flag": 1, "change_message": "[{\"added\": {}}]"}}, {"model": "admin.logentry", "pk": 154, "fields": {"action_time": "2025-03-26T10:53:15.896Z", "user": 1, "content_type": 11, "object_id": "26", "object_repr": "XL", "action_flag": 1, "change_message": "[{\"added\": {}}]"}}, {"model": "auth.permission", "pk": 1, "fields": {"name": "Can add log entry", "content_type": 1, "codename": "add_logentry"}}, {"model": "auth.permission", "pk": 2, "fields": {"name": "Can change log entry", "content_type": 1, "codename": "change_logentry"}}, {"model": "auth.permission", "pk": 3, "fields": {"name": "Can delete log entry", "content_type": 1, "codename": "delete_logentry"}}, {"model": "auth.permission", "pk": 4, "fields": {"name": "Can view log entry", "content_type": 1, "codename": "view_logentry"}}, {"model": "auth.permission", "pk": 5, "fields": {"name": "Can add permission", "content_type": 2, "codename": "add_permission"}}, {"model": "auth.permission", "pk": 6, "fields": {"name": "Can change permission", "content_type": 2, "codename": "change_permission"}}, {"model": "auth.permission", "pk": 7, "fields": {"name": "Can delete permission", "content_type": 2, "codename": "delete_permission"}}, {"model": "auth.permission", "pk": 8, "fields": {"name": "Can view permission", "content_type": 2, "codename": "view_permission"}}, {"model": "auth.permission", "pk": 9, "fields": {"name": "Can add group", "content_type": 3, "codename": "add_group"}}, {"model": "auth.permission", "pk": 10, "fields": {"name": "Can change group", "content_type": 3, "codename": "change_group"}}, {"model": "auth.permission", "pk": 11, "fields": {"name": "Can delete group", "content_type": 3, "codename": "delete_group"}}, {"model": "auth.permission", "pk": 12, "fields": {"name": "Can view group", "content_type": 3, "codename": "view_group"}}, {"model": "auth.permission", "pk": 13, "fields": {"name": "Can add content type", "content_type": 4, "codename": "add_contenttype"}}, {"model": "auth.permission", "pk": 14, "fields": {"name": "Can change content type", "content_type": 4, "codename": "change_contenttype"}}, {"model": "auth.permission", "pk": 15, "fields": {"name": "Can delete content type", "content_type": 4, "codename": "delete_contenttype"}}, {"model": "auth.permission", "pk": 16, "fields": {"name": "Can view content type", "content_type": 4, "codename": "view_contenttype"}}, {"model": "auth.permission", "pk": 17, "fields": {"name": "Can add session", "content_type": 5, "codename": "add_session"}}, {"model": "auth.permission", "pk": 18, "fields": {"name": "Can change session", "content_type": 5, "codename": "change_session"}}, {"model": "auth.permission", "pk": 19, "fields": {"name": "Can delete session", "content_type": 5, "codename": "delete_session"}}, {"model": "auth.permission", "pk": 20, "fields": {"name": "Can view session", "content_type": 5, "codename": "view_session"}}, {"model": "auth.permission", "pk": 21, "fields": {"name": "Can add category", "content_type": 6, "codename": "add_category"}}, {"model": "auth.permission", "pk": 22, "fields": {"name": "Can change category", "content_type": 6, "codename": "change_category"}}, {"model": "auth.permission", "pk": 23, "fields": {"name": "Can delete category", "content_type": 6, "codename": "delete_category"}}, {"model": "auth.permission", "pk": 24, "fields": {"name": "Can view category", "content_type": 6, "codename": "view_category"}}, {"model": "auth.permission", "pk": 25, "fields": {"name": "Can add account", "content_type": 7, "codename": "add_account"}}, {"model": "auth.permission", "pk": 26, "fields": {"name": "Can change account", "content_type": 7, "codename": "change_account"}}, {"model": "auth.permission", "pk": 27, "fields": {"name": "Can delete account", "content_type": 7, "codename": "delete_account"}}, {"model": "auth.permission", "pk": 28, "fields": {"name": "Can view account", "content_type": 7, "codename": "view_account"}}, {"model": "auth.permission", "pk": 29, "fields": {"name": "Can add product", "content_type": 8, "codename": "add_product"}}, {"model": "auth.permission", "pk": 30, "fields": {"name": "Can change product", "content_type": 8, "codename": "change_product"}}, {"model": "auth.permission", "pk": 31, "fields": {"name": "Can delete product", "content_type": 8, "codename": "delete_product"}}, {"model": "auth.permission", "pk": 32, "fields": {"name": "Can view product", "content_type": 8, "codename": "view_product"}}, {"model": "auth.permission", "pk": 33, "fields": {"name": "Can add cart item", "content_type": 9, "codename": "add_cartitem"}}, {"model": "auth.permission", "pk": 34, "fields": {"name": "Can change cart item", "content_type": 9, "codename": "change_cartitem"}}, {"model": "auth.permission", "pk": 35, "fields": {"name": "Can delete cart item", "content_type": 9, "codename": "delete_cartitem"}}, {"model": "auth.permission", "pk": 36, "fields": {"name": "Can view cart item", "content_type": 9, "codename": "view_cartitem"}}, {"model": "auth.permission", "pk": 37, "fields": {"name": "Can add cart", "content_type": 10, "codename": "add_cart"}}, {"model": "auth.permission", "pk": 38, "fields": {"name": "Can change cart", "content_type": 10, "codename": "change_cart"}}, {"model": "auth.permission", "pk": 39, "fields": {"name": "Can delete cart", "content_type": 10, "codename": "delete_cart"}}, {"model": "auth.permission", "pk": 40, "fields": {"name": "Can view cart", "content_type": 10, "codename": "view_cart"}}, {"model": "auth.permission", "pk": 41, "fields": {"name": "Can add variation", "content_type": 11, "codename": "add_variation"}}, {"model": "auth.permission", "pk": 42, "fields": {"name": "Can change variation", "content_type": 11, "codename": "change_variation"}}, {"model": "auth.permission", "pk": 43, "fields": {"name": "Can delete variation", "content_type": 11, "codename": "delete_variation"}}, {"model": "auth.permission", "pk": 44, "fields": {"name": "Can view variation", "content_type": 11, "codename": "view_variation"}}, {"model": "auth.permission", "pk": 45, "fields": {"name": "Can add order product", "content_type": 12, "codename": "add_orderproduct"}}, {"model": "auth.permission", "pk": 46, "fields": {"name": "Can change order product", "content_type": 12, "codename": "change_orderproduct"}}, {"model": "auth.permission", "pk": 47, "fields": {"name": "Can delete order product", "content_type": 12, "codename": "delete_orderproduct"}}, {"model": "auth.permission", "pk": 48, "fields": {"name": "Can view order product", "content_type": 12, "codename": "view_orderproduct"}}, {"model": "auth.permission", "pk": 49, "fields": {"name": "Can add order", "content_type": 13, "codename": "add_order"}}, {"model": "auth.permission", "pk": 50, "fields": {"name": "Can change order", "content_type": 13, "codename": "change_order"}}, {"model": "auth.permission", "pk": 51, "fields": {"name": "Can delete order", "content_type": 13, "codename": "delete_order"}}, {"model": "auth.permission", "pk": 52, "fields": {"name": "Can view order", "content_type": 13, "codename": "view_order"}}, {"model": "auth.permission", "pk": 53, "fields": {"name": "Can add payment", "content_type": 14, "codename": "add_payment"}}, {"model": "auth.permission", "pk": 54, "fields": {"name": "Can change payment", "content_type": 14, "codename": "change_payment"}}, {"model": "auth.permission", "pk": 55, "fields": {"name": "Can delete payment", "content_type": 14, "codename": "delete_payment"}}, {"model": "auth.permission", "pk": 56, "fields": {"name": "Can view payment", "content_type": 14, "codename": "view_payment"}}, {"model": "auth.permission", "pk": 57, "fields": {"name": "Can add review rating", "content_type": 15, "codename": "add_reviewrating"}}, {"model": "auth.permission", "pk": 58, "fields": {"name": "Can change review rating", "content_type": 15, "codename": "change_reviewrating"}}, {"model": "auth.permission", "pk": 59, "fields": {"name": "Can delete review rating", "content_type": 15, "codename": "delete_reviewrating"}}, {"model": "auth.permission", "pk": 60, "fields": {"name": "Can view review rating", "content_type": 15, "codename": "view_reviewrating"}}, {"model": "auth.permission", "pk": 61, "fields": {"name": "Can add user profile", "content_type": 16, "codename": "add_userprofile"}}, {"model": "auth.permission", "pk": 62, "fields": {"name": "Can change user profile", "content_type": 16, "codename": "change_userprofile"}}, {"model": "auth.permission", "pk": 63, "fields": {"name": "Can delete user profile", "content_type": 16, "codename": "delete_userprofile"}}, {"model": "auth.permission", "pk": 64, "fields": {"name": "Can view user profile", "content_type": 16, "codename": "view_userprofile"}}, {"model": "auth.permission", "pk": 65, "fields": {"name": "Can add productgallery", "content_type": 17, "codename": "add_productgallery"}}, {"model": "auth.permission", "pk": 66, "fields": {"name": "Can change productgallery", "content_type": 17, "codename": "change_productgallery"}}, {"model": "auth.permission", "pk": 67, "fields": {"name": "Can delete productgallery", "content_type": 17, "codename": "delete_productgallery"}}, {"model": "auth.permission", "pk": 68, "fields": {"name": "Can view productgallery", "content_type": 17, "codename": "view_productgallery"}}, {"model": "auth.permission", "pk": 69, "fields": {"name": "Can add login attempt", "content_type": 18, "codename": "add_loginattempt"}}, {"model": "auth.permission", "pk": 70, "fields": {"name": "Can change login attempt", "content_type": 18, "codename": "change_loginattempt"}}, {"model": "auth.permission", "pk": 71, "fields": {"name": "Can delete login attempt", "content_type": 18, "codename": "delete_loginattempt"}}, {"model": "auth.permission", "pk": 72, "fields": {"name": "Can view login attempt", "content_type": 18, "codename": "view_loginattempt"}}, {"model": "contenttypes.contenttype", "pk": 1, "fields": {"app_label": "admin", "model": "logentry"}}, {"model": "contenttypes.contenttype", "pk": 2, "fields": {"app_label": "auth", "model": "permission"}}, {"model": "contenttypes.contenttype", "pk": 3, "fields": {"app_label": "auth", "model": "group"}}, {"model": "contenttypes.contenttype", "pk": 4, "fields": {"app_label": "contenttypes", "model": "contenttype"}}, {"model": "contenttypes.contenttype", "pk": 5, "fields": {"app_label": "sessions", "model": "session"}}, {"model": "contenttypes.contenttype", "pk": 6, "fields": {"app_label": "category", "model": "category"}}, {"model": "contenttypes.contenttype", "pk": 7, "fields": {"app_label": "accounts", "model": "account"}}, {"model": "contenttypes.contenttype", "pk": 8, "fields": {"app_label": "store", "model": "product"}}, {"model": "contenttypes.contenttype", "pk": 9, "fields": {"app_label": "carts", "model": "cartitem"}}, {"model": "contenttypes.contenttype", "pk": 10, "fields": {"app_label": "carts", "model": "cart"}}, {"model": "contenttypes.contenttype", "pk": 11, "fields": {"app_label": "store", "model": "variation"}}, {"model": "contenttypes.contenttype", "pk": 12, "fields": {"app_label": "orders", "model": "orderproduct"}}, {"model": "contenttypes.contenttype", "pk": 13, "fields": {"app_label": "orders", "model": "order"}}, {"model": "contenttypes.contenttype", "pk": 14, "fields": {"app_label": "orders", "model": "payment"}}, {"model": "contenttypes.contenttype", "pk": 15, "fields": {"app_label": "store", "model": "reviewrating"}}, {"model": "contenttypes.contenttype", "pk": 16, "fields": {"app_label": "accounts", "model": "userprofile"}}, {"model": "contenttypes.contenttype", "pk": 17, "fields": {"app_label": "store", "model": "productgallery"}}, {"model": "contenttypes.contenttype", "pk": 18, "fields": {"app_label": "admin_honeypot", "model": "loginattempt"}}, {"model": "sessions.session", "pk": "ejpo61v4eozhqzqzelav36l6oj1zjlt9", "fields": {"session_data": ".eJxVjMsOwiAQRf-FtSED5TF16d5vIDAMUjU0Ke3K-O_apAvd3nPOfYkQt7WGrfMSpizOQonT75YiPbjtIN9ju82S5rYuU5K7Ig_a5XXO_Lwc7t9Bjb1-61hQcdJE6C37ETThqEwpliGjpmIs5GjJJKfYORiSGnRCth6VRgIQ7w_vzjed:1tsyli:r9VsAFGSzPJxyFr3_Lm3knXuyfjyQfu8Vd9RuFnFQCE", "expire_date": "2025-03-28T06:43:42.515Z"}}, {"model": "sessions.session", "pk": "x4aqt0ayqy3sprqh0fi4ziaqlqakvr0r", "fields": {"session_data": "eyJfc2Vzc2lvbl9pbml0X3RpbWVzdGFtcF8iOjE3NDMzMDA3MDAuMjQ4MTY3NX0:1tyi9E:gG_oqkPbLaAkdbygnjG6p3TJ0gHgwg14fxKpQjW-APE", "expire_date": "2025-04-13T02:11:40.309Z"}}, {"model": "category.category", "pk": 1, "fields": {"category_name": "Shirt Category", "slug": "shirt-category", "description": "This is a demo shirt category", "cat_image": "photos/categories/shirts_5fWfhok.jpg"}}, {"model": "category.category", "pk": 2, "fields": {"category_name": "T shirts Category", "slug": "t-shirts-category", "description": "This is demo t-shirt category", "cat_image": "photos/categories/tshirts_bz7f0Ht.jpg"}}, {"model": "category.category", "pk": 4, "fields": {"category_name": "Jeans", "slug": "jeans", "description": "this is demo jeans category", "cat_image": "photos/categories/jeans_J3GaCOl.jpg"}}, {"model": "category.category", "pk": 5, "fields": {"category_name": "Shoes Category", "slug": "shoes-category", "description": "this is a demo shoes category", "cat_image": "photos/categories/shoes_viHLiWE.png"}}, {"model": "accounts.account", "pk": 1, "fields": {"password": "pbkdf2_sha256$870000$K4fum0lhYzXRBvhW8rhXZL$bQmHI13z2AiAuFGsawUeqpMtYxOLmgkwxaNLQdCFbcM=", "first_name": "Sivakumar", "last_name": "Jeevanantham", "username": "Sivakumar", "email": "sivakumarjeevavantham@gmail.com", "phone_number": "09025194171", "date_joined": "2025-03-10T06:13:40.327Z", "last_login": "2025-03-28T11:42:48.168Z", "is_admin": true, "is_staff": true, "is_active": true, "is_superadmin": true}}, {"model": "accounts.account", "pk": 20, "fields": {"password": "pbkdf2_sha256$870000$ho7Rm57L3fKKnCwdBpcXFR$HvpSBMPpeEheJPvrR8A/gV4+EaWVpPMU8HZ7aK4B+6g=", "first_name": "Sivakumar", "last_name": "Jeevanantham", "username": "sivakjeee.1205", "email": "sivakjeee.1205@gmail.com", "phone_number": "09842946933", "date_joined": "2025-03-21T04:10:44.911Z", "last_login": "2025-03-27T12:47:35.793Z", "is_admin": true, "is_staff": true, "is_active": true, "is_superadmin": true}}, {"model": "accounts.userprofile", "pk": 3, "fields": {"user": 1, "address_line_1": "2/51, Sivakumar, South Street", "address_line_2": "test", "profile_picture": "userprofile/US-Polo-Assn_Jacket.jpg", "city": "Tiruvarur", "state": "TamilNadu", "country": "India"}}, {"model": "store.product", "pk": 1, "fields": {"product_name": "ATX Jeans", "slug": "atx-jeans", "description": "Lorem Ipsum is simply dummy text of the printing and typesetting industry. Lorem Ipsum has been the industry's standard dummy text ever since the 1500s", "price": 1, "images": "photos/products/ATX-Jeans.jpg", "stock": 93, "is_available": true, "category": 4, "created_date": "2025-03-10T06:34:50.077Z", "modified_date": "2025-03-26"}}, {"model": "store.product", "pk": 2, "fields": {"product_name": "Blue-shirts", "slug": "blue-shirts", "description": "It is a long established fact that a reader will be distracted by the readable content of a page when looking at its layout. The point of using Lorem Ipsum is that it has a more-or-less normal shirts", "price": 2, "images": "photos/products/Blue-Shirt.jpg", "stock": 20, "is_available": true, "category": 1, "created_date": "2025-03-10T06:36:26.243Z", "modified_date": "2025-03-26"}}, {"model": "store.product", "pk": 3, "fields": {"product_name": "Great-Tshirt", "slug": "great-tshirt", "description": "It has survived not only five centuries, but also the leap into electronic typesetting, remaining essentially unchanged. It was popularised in the 1960s with the release of Letraset sheets t-shirts", "price": 4, "images": "photos/products/Great-Tshirt.jpg", "stock": 4, "is_available": true, "category": 2, "created_date": "2025-03-10T06:37:37.399Z", "modified_date": "2025-03-24"}}, {"model": "store.product", "pk": 4, "fields": {"product_name": "Jordan-true-flight-basketball-shoe", "slug": "jordan-true-flight-basketball-shoe", "description": "Many desktop publishing packages and web page editors now use Lorem Ipsum as their default model text, and a search for 'lorem ipsum' will uncover many web sites still in their infancy. Various versio", "price": 3, "images": "photos/products/jordan-true-flight-basketball-shoes.jpg", "stock": 30, "is_available": true, "category": 5, "created_date": "2025-03-10T06:39:48.560Z", "modified_date": "2025-03-24"}}, {"model": "store.variation", "pk": 11, "fields": {"product": 1, "variation_category": "color", "variation_value": "Red", "is_active": true, "created_date": "2025-03-15T06:25:33.881Z"}}, {"model": "store.variation", "pk": 12, "fields": {"product": 1, "variation_category": "color", "variation_value": "Yellow", "is_active": true, "created_date": "2025-03-15T06:25:51.160Z"}}, {"model": "store.variation", "pk": 13, "fields": {"product": 1, "variation_category": "color", "variation_value": "Green", "is_active": true, "created_date": "2025-03-15T06:26:05.649Z"}}, {"model": "store.variation", "pk": 14, "fields": {"product": 1, "variation_category": "color", "variation_value": "White", "is_active": true, "created_date": "2025-03-15T06:26:24.972Z"}}, {"model": "store.variation", "pk": 15, "fields": {"product": 1, "variation_category": "size", "variation_value": "Small", "is_active": true, "created_date": "2025-03-15T06:26:41.747Z"}}, {"model": "store.variation", "pk": 16, "fields": {"product": 1, "variation_category": "size", "variation_value": "Medium", "is_active": true, "created_date": "2025-03-15T06:28:10.976Z"}}, {"model": "store.variation", "pk": 17, "fields": {"product": 1, "variation_category": "size", "variation_value": "Large", "is_active": true, "created_date": "2025-03-15T06:28:29.757Z"}}, {"model": "store.variation", "pk": 18, "fields": {"product": 3, "variation_category": "color", "variation_value": "Blue", "is_active": true, "created_date": "2025-03-15T06:29:04.338Z"}}, {"model": "store.variation", "pk": 19, "fields": {"product": 3, "variation_category": "color", "variation_value": "Black", "is_active": true, "created_date": "2025-03-15T06:29:29.323Z"}}, {"model": "store.variation", "pk": 20, "fields": {"product": 3, "variation_category": "size", "variation_value": "Small", "is_active": true, "created_date": "2025-03-15T06:29:57.501Z"}}, {"model": "store.variation", "pk": 21, "fields": {"product": 3, "variation_category": "size", "variation_value": "Medium", "is_active": true, "created_date": "2025-03-15T06:30:37.974Z"}}, {"model": "store.variation", "pk": 22, "fields": {"product": 4, "variation_category": "color", "variation_value": "Black and White", "is_active": true, "created_date": "2025-03-15T06:31:59.227Z"}}, {"model": "store.variation", "pk": 23, "fields": {"product": 4, "variation_category": "size", "variation_value": "Medium", "is_active": true, "created_date": "2025-03-15T06:32:41.985Z"}}, {"model": "store.variation", "pk": 24, "fields": {"product": 4, "variation_category": "size", "variation_value": "Large", "is_active": true, "created_date": "2025-03-15T06:32:57.215Z"}}, {"model": "store.variation", "pk": 25, "fields": {"product": 2, "variation_category": "color", "variation_value": "Light Blue", "is_active": true, "created_date": "2025-03-26T10:52:50.544Z"}}, {"model": "store.variation", "pk": 26, "fields": {"product": 2, "variation_category": "size", "variation_value": "XL", "is_active": true, "created_date": "2025-03-26T10:53:15.894Z"}}, {"model": "store.reviewrating", "pk": 1, "fields": {"product": 1, "user": 1, "subject": "review title 2", "review": "Nice Product", "rating": 3.5, "ip": "127.0.0.1", "status": true, "created_at": "2025-03-23T17:00:05.321Z", "updated_at": "2025-03-24T07:18:39.052Z"}}, {"model": "store.reviewrating", "pk": 2, "fields": {"product": 1, "user": 20, "subject": "review title 4", "review": "Nice product 3", "rating": 2.0, "ip": "127.0.0.1", "status": true, "created_at": "2025-03-24T07:49:44.283Z", "updated_at": "2025-03-24T07:54:22.393Z"}}, {"model": "store.productgallery", "pk": 1, "fields": {"product": 1, "image": "store/products/image1.jpg"}}, {"model": "store.productgallery", "pk": 2, "fields": {"product": 1, "image": "store/products/image2.jpg"}}, {"model": "store.productgallery", "pk": 3, "fields": {"product": 2, "image": "store/products/US-Polo-Assn_Jacket.jpg"}}, {"model": "carts.cart", "pk": 15, "fields": {"cart_id": "mjpl7ixhqp6fk2u5rau21sm0zt5q60es", "date_added": "2025-03-22"}}, {"model": "carts.cart", "pk": 16, "fields": {"cart_id": "codsro2xkpepgly0id5s02rznjzpw1uu", "date_added": "2025-03-22"}}, {"model": "carts.cart", "pk": 17, "fields": {"cart_id": "9c2t50x7v8ed3jcobop0pb24f6rw19xx", "date_added": "2025-03-22"}}, {"model": "carts.cartitem", "pk": 9, "fields": {"user": null, "product": 1, "cart": 15, "quantity": 1, "is_active": true, "variations": [11, 15]}}, {"model": "carts.cartitem", "pk": 10, "fields": {"user": null, "product": 3, "cart": 16, "quantity": 1, "is_active": true, "variations": [18, 21]}}, {"model": "orders.payment", "pk": 1, "fields": {"user": 1, "payment_id": "4M7926796K315441K", "payment_method": "PayPal", "amount_paid": "70.38", "status": "COMPLETED", "created_at": "2025-03-23T12:22:26.947Z"}}, {"model": "orders.payment", "pk": 2, "fields": {"user": 1, "payment_id": "2VP86148XP2843229", "payment_method": "PayPal", "amount_paid": "20.4", "status": "COMPLETED", "created_at": "2025-03-23T12:34:28.478Z"}}, {"model": "orders.payment", "pk": 3, "fields": {"user": 1, "payment_id": "39T011493V3931806", "payment_method": "PayPal", "amount_paid": "1.02", "status": "COMPLETED", "created_at": "2025-03-24T07:09:42.586Z"}}, {"model": "orders.payment", "pk": 4, "fields": {"user": 1, "payment_id": "2SX87441DC5750728", "payment_method": "PayPal", "amount_paid": "1.02", "status": "COMPLETED", "created_at": "2025-03-24T07:31:55.614Z"}}, {"model": "orders.payment", "pk": 5, "fields": {"user": 20, "payment_id": "3D7065956H9042244", "payment_method": "PayPal", "amount_paid": "2.04", "status": "COMPLETED", "created_at": "2025-03-24T07:45:43.755Z"}}, {"model": "orders.payment", "pk": 6, "fields": {"user": 1, "payment_id": "6H2162149B4076421", "payment_method": "PayPal", "amount_paid": "1.02", "status": "COMPLETED", "created_at": "2025-03-26T10:50:50.140Z"}}, {"model": "orders.order", "pk": 18, "fields": {"user": 1, "payment": null, "order_number": "2025032318", "first_name": "Sivakumar", "last_name": "Jeevanantham", "phone": "09842946933", "email": "sivakumarjeevavantham@gmail.com", "address_line_1": "2/51, Sivakumar, South Street", "address_line_2": "kovilur", "country": "India", "state": "TamilNadu", "city": "Tiruvarur", "order_note": "test_1", "order_total": 70.38, "tax": 1.38, "status": "New", "ip": "127.0.0.1", "is_ordered": false, "created_at": "2025-03-23T11:50:20.624Z", "updated_at": "2025-03-23T11:50:20.631Z"}}, {"model": "orders.order", "pk": 19, "fields": {"user": 1, "payment": null, "order_number": "2025032319", "first_name": "Sivakumar", "last_name": "Jeevanantham", "phone": "09842946933", "email": "sivakumarjeevavantham@gmail.com", "address_line_1": "2/51, Sivakumar, South Street", "address_line_2": "kovilur", "country": "India", "state": "TamilNadu", "city": "Tiruvarur", "order_note": "test_1", "order_total": 70.38, "tax": 1.38, "status": "New", "ip": "127.0.0.1", "is_ordered": false, "created_at": "2025-03-23T12:07:38.161Z", "updated_at": "2025-03-23T12:07:38.170Z"}}, {"model": "orders.order", "pk": 20, "fields": {"user": 1, "payment": 1, "order_number": "2025032320", "first_name": "Sivakumar", "last_name": "Jeevanantham", "phone": "09842946933", "email": "sivakumarjeevavantham@gmail.com", "address_line_1": "2/51, Sivakumar, South Street", "address_line_2": "kovilur", "country": "India", "state": "TamilNadu", "city": "Tiruvarur", "order_note": "test_1", "order_total": 70.38, "tax": 1.38, "status": "New", "ip": "127.0.0.1", "is_ordered": true, "created_at": "2025-03-23T12:10:58.218Z", "updated_at": "2025-03-23T12:22:26.958Z"}}, {"model": "orders.order", "pk": 21, "fields": {"user": 1, "payment": 2, "order_number": "2025032321", "first_name": "Sivakumar", "last_name": "Jeevanantham", "phone": "09842946933", "email": "sivakumarjeevavantham@gmail.com", "address_line_1": "2/51, Sivakumar, South Street", "address_line_2": "kovilur", "country": "India", "state": "TamilNadu", "city": "Tiruvarur", "order_note": "test_2", "order_total": 20.4, "tax": 0.4, "status": "New", "ip": "127.0.0.1", "is_ordered": true, "created_at": "2025-03-23T12:31:12.147Z", "updated_at": "2025-03-23T12:34:28.488Z"}}, {"model": "orders.order", "pk": 22, "fields": {"user": 1, "payment": null, "order_number": "2025032322", "first_name": "Sivakumar", "last_name": "Jeevanantham", "phone": "09842946933", "email": "sivakumarjeevavantham@gmail.com", "address_line_1": "2/51, Sivakumar, South Street", "address_line_2": "kovilur", "country": "India", "state": "TamilNadu", "city": "Tiruvarur", "order_note": "", "order_total": 20.4, "tax": 0.4, "status": "New", "ip": "127.0.0.1", "is_ordered": false, "created_at": "2025-03-23T16:45:59.153Z", "updated_at": "2025-03-23T16:45:59.160Z"}}, {"model": "orders.order", "pk": 23, "fields": {"user": 20, "payment": null, "order_number": "2025032423", "first_name": "Sivakumar", "last_name": "Jeevanantham", "phone": "09842946933", "email": "sivakumarjeevavantham@gmail.com", "address_line_1": "2/51, Sivakumar, South Street", "address_line_2": "kovilur", "country": "India", "state": "TamilNadu", "city": "Tiruvarur", "order_note": "", "order_total": 20.4, "tax": 0.4, "status": "New", "ip": "127.0.0.1", "is_ordered": false, "created_at": "2025-03-24T07:04:28.965Z", "updated_at": "2025-03-24T07:04:28.974Z"}}, {"model": "orders.order", "pk": 24, "fields": {"user": 1, "payment": 3, "order_number": "2025032424", "first_name": "Sivakumar", "last_name": "Jeevanantham", "phone": "09842946933", "email": "sivakumarjeevavantham@gmail.com", "address_line_1": "2/51, Sivakumar, South Street", "address_line_2": "kovilur", "country": "India", "state": "TamilNadu", "city": "Tiruvarur", "order_note": "", "order_total": 1.02, "tax": 0.02, "status": "New", "ip": "127.0.0.1", "is_ordered": true, "created_at": "2025-03-24T07:09:21.169Z", "updated_at": "2025-03-24T07:09:42.624Z"}}, {"model": "orders.order", "pk": 25, "fields": {"user": 1, "payment": 4, "order_number": "2025032425", "first_name": "Sivakumar", "last_name": "Jeevanantham", "phone": "09842946933", "email": "sivakumarjeevavantham@gmail.com", "address_line_1": "2/51, Sivakumar, South Street", "address_line_2": "kovilur", "country": "India", "state": "TamilNadu", "city": "Tiruvarur", "order_note": "", "order_total": 1.02, "tax": 0.02, "status": "New", "ip": "127.0.0.1", "is_ordered": true, "created_at": "2025-03-24T07:27:55.461Z", "updated_at": "2025-03-24T07:31:55.625Z"}}, {"model": "orders.order", "pk": 26, "fields": {"user": 20, "payment": 5, "order_number": "2025032426", "first_name": "Sivakumar", "last_name": "Jeevanantham", "phone": "09842946933", "email": "sivakumarjeevavantham@gmail.com", "address_line_1": "2/51, Sivakumar, South Street", "address_line_2": "kovilur", "country": "India", "state": "TamilNadu", "city": "Tiruvarur", "order_note": "", "order_total": 2.04, "tax": 0.04, "status": "New", "ip": "127.0.0.1", "is_ordered": true, "created_at": "2025-03-24T07:45:32.629Z", "updated_at": "2025-03-24T07:45:43.766Z"}}, {"model": "orders.order", "pk": 27, "fields": {"user": 1, "payment": 6, "order_number": "2025032627", "first_name": "Sivakumar", "last_name": "Jeevanantham", "phone": "09842946933", "email": "sivakumarjeevavantham@gmail.com", "address_line_1": "2/51, Sivakumar, South Street", "address_line_2": "kovilur", "country": "India", "state": "TamilNadu", "city": "Tiruvarur", "order_note": "", "order_total": 1.02, "tax": 0.02, "status": "New", "ip": "127.0.0.1", "is_ordered": true, "created_at": "2025-03-26T10:49:29.447Z", "updated_at": "2025-03-26T10:50:50.149Z"}}, {"model": "orders.orderproduct", "pk": 1, "fields": {"order": 20, "payment": 1, "user": 1, "product": 1, "quantity": 1, "product_price": 20.0, "ordered": true, "created_at": "2025-03-23T12:22:26.969Z", "updated_at": "2025-03-23T12:22:26.990Z", "variations": [11, 16]}}, {"model": "orders.orderproduct", "pk": 2, "fields": {"order": 20, "payment": 1, "user": 1, "product": 3, "quantity": 1, "product_price": 49.0, "ordered": true, "created_at": "2025-03-23T12:22:27.001Z", "updated_at": "2025-03-23T12:22:27.012Z", "variations": [18, 21]}}, {"model": "orders.orderproduct", "pk": 3, "fields": {"order": 21, "payment": 2, "user": 1, "product": 1, "quantity": 1, "product_price": 20.0, "ordered": true, "created_at": "2025-03-23T12:34:28.494Z", "updated_at": "2025-03-23T12:34:28.505Z", "variations": [11, 15]}}, {"model": "orders.orderproduct", "pk": 4, "fields": {"order": 24, "payment": 3, "user": 1, "product": 1, "quantity": 1, "product_price": 1.0, "ordered": true, "created_at": "2025-03-24T07:09:42.635Z", "updated_at": "2025-03-24T07:09:42.658Z", "variations": [12, 15]}}, {"model": "orders.orderproduct", "pk": 5, "fields": {"order": 25, "payment": 4, "user": 1, "product": 1, "quantity": 1, "product_price": 1.0, "ordered": true, "created_at": "2025-03-24T07:31:55.633Z", "updated_at": "2025-03-24T07:31:55.650Z", "variations": [12, 17]}}, {"model": "orders.orderproduct", "pk": 6, "fields": {"order": 26, "payment": 5, "user": 20, "product": 1, "quantity": 1, "product_price": 1.0, "ordered": true, "created_at": "2025-03-24T07:45:43.777Z", "updated_at": "2025-03-24T07:45:43.788Z", "variations": [11, 17]}}, {"model": "orders.orderproduct", "pk": 7, "fields": {"order": 26, "payment": 5, "user": 20, "product": 1, "quantity": 1, "product_price": 1.0, "ordered": true, "created_at": "2025-03-24T07:45:43.802Z", "updated_at": "2025-03-24T07:45:43.814Z", "variations": [13, 16]}}, {"model": "orders.orderproduct", "pk": 8, "fields": {"order": 27, "payment": 6, "user": 1, "product": 1, "quantity": 1, "product_price": 1.0, "ordered": true, "created_at": "2025-03-26T10:50:50.157Z", "updated_at": "2025-03-26T10:50:50.172Z", "variations": [11, 15]}}, {"model": "admin_honeypot.loginattempt", "pk": 1, "fields": {"username": "sivakumarjeevavantham@gmail.com", "ip_address": "127.0.0.1", "session_key": "4dcz15z1bmuyahzrz7ur87j56x6paqn6", "user_agent": "Mozilla/5.0 (Windows NT 10.0; Win64; x64) AppleWebKit/537.36 (KHTML, like Gecko) Chrome/134.0.0.0 Safari/537.36 Edg/134.0.0.0", "timestamp": "2025-03-28T04:35:21.752Z", "path": "/admin/login/?next=/admin/"}}, {"model": "admin_honeypot.loginattempt", "pk": 2, "fields": {"username": "sivakumarjeevavantham@gmail.com", "ip_address": "127.0.0.1", "session_key": "7xc301c4wxtht91erkplemuy9eyw1xxf", "user_agent": "Mozilla/5.0 (Windows NT 10.0; Win64; x64) AppleWebKit/537.36 (KHTML, like Gecko) Chrome/134.0.0.0 Safari/537.36 Edg/134.0.0.0", "timestamp": "2025-03-28T04:36:40.868Z", "path": "/admin/login/?next=/admin/"}}]